ds,yhat,yhat_lower,yhat_upper,trend,weekly,Crecimiento_Energetico,Riesgo_Sobrecarga
2018-01-01,3081.611442221624,1886.7092403426416,4255.996008216359,2516.6606872368,564.9507549848241,0.0,0
2018-01-02,3333.049233021268,2185.70560871087,4473.778479361588,2660.048669774229,673.0005632470389,143.3879825374288,0
2018-01-03,3267.850811420519,2094.6614273034543,4336.700906333639,2803.4366523116573,464.4141591088618,143.38798253742834,0
2018-01-04,3686.0335589683245,2550.398488846493,4937.646309062429,2946.824634849086,739.2089241192385,143.3879825374288,0
2018-01-05,3645.834911382037,2462.528959968262,4756.87069328965,3090.2126173865145,555.6222939955222,143.38798253742834,0
2018-01-06,2134.8657468482716,921.8120143208789,3295.633178938421,3233.600599923943,-1098.734853075671,143.38798253742834,0
2018-01-07,1478.5267400819253,269.5521687961267,2618.9941703092645,3376.9885824613716,-1898.4618423794464,143.3879825374288,0
2018-01-08,4085.327319981128,2992.6982141700773,5309.9304140669165,3520.3765649988004,564.9507549823273,143.3879825374288,0
2018-01-09,4336.76511078315,3111.682658152599,5436.143020100708,3663.7645475362287,673.0005632469212,143.38798253742834,0
2018-01-10,4271.5666891819965,3140.9939678990763,5493.661162577644,3807.1525300736575,464.41415910833905,143.3879825374288,0
2018-01-11,4689.749436731324,3506.5658748452365,5974.453660877266,3950.5405126110863,739.2089241202373,143.3879825374288,0
2018-01-12,4649.550789144581,3542.013006237755,5827.4194978451205,4093.9284951485147,555.6222939960666,143.38798253742834,0
2018-01-13,3049.297459182554,1859.8468581977756,4210.386659632483,4148.032312257086,-1098.7348530745323,54.10381710857155,0
2018-01-14,2303.6742869869586,1215.4883120966988,3545.362296522534,4202.136129365657,-1898.461842378699,54.10381710857109,0
2018-01-15,4821.190701457991,3709.4764425634676,6098.582539535032,4256.239946474229,564.950754983762,54.103817108572,0
2018-01-16,4983.344326831595,3783.4474517143344,6155.094060569623,4310.3437635828,673.0005632487948,54.10381710857109,0
2018-01-17,4828.861739799188,3678.737874391304,6100.193695497628,4364.4475806913715,464.41415910781654,54.10381710857109,0
2018-01-18,5157.760321917672,3939.985571977012,6344.051140623629,4418.5513977999435,739.208924117728,54.103817108572,0
2018-01-19,5028.277508903876,3840.0911715808593,6164.617040417401,4472.655214908515,555.6222939953611,54.10381710857109,0
2018-01-20,3428.024178943091,2217.0890377687642,4671.208698440682,4526.759032017086,-1098.7348530739948,54.10381710857109,0
2018-01-21,2682.4010067477066,1423.638630136002,3902.5311419764043,4580.862849125658,-1898.4618423779514,54.103817108572,0
2018-01-22,5199.917421219275,4026.2184439381267,6308.3079346448585,4634.966666234229,564.9507549850458,54.10381710857109,0
2018-01-23,5362.07104659142,4138.38563811527,6488.664461110816,4689.070483342801,673.0005632486193,54.103817108572,0
2018-01-24,5207.588459560737,4118.745362734093,6383.010749687407,4743.174300451371,464.41415910936564,54.10381710857018,0
2018-01-25,5394.120315590098,4214.138531282252,6547.9603896170975,4654.911391471371,739.2089241187268,-88.26290898000025,0
2018-01-26,5122.270776489953,3998.5755997829606,6251.7926983166435,4566.6484824913705,555.6222939985829,-88.26290898000025,0
2018-01-27,3379.650720434899,2102.8446527474816,4486.702574940922,4478.385573511371,-1098.7348530764723,-88.26290897999934,0
2018-01-28,2491.6608221541665,1338.6377295308794,3698.117981885928,4390.122664531371,-1898.4618423772044,-88.26290898000025,0
2018-01-29,4866.810510534221,3667.769153987362,5997.11596081354,4301.859755551371,564.9507549828506,-88.26290898000025,0
2018-01-30,4886.597409819872,3672.6120885993587,6068.621559163567,4213.59684657137,673.0005632485015,-88.26290898000025,0
2018-01-31,4589.748096698518,3361.6644313805414,5785.816584159585,4125.33393759137,464.4141591071474,-88.26290898000025,0
2018-02-01,4776.279952731096,3598.3161431933413,5862.782266098309,4037.071028611371,739.2089241197255,-88.26290897999934,0
2018-02-02,4504.430413626571,3334.339251834104,5701.447931607477,3948.8081196313706,555.6222939951999,-88.26290898000025,0
2018-02-03,2761.810357576037,1474.215776377847,3940.1987127736993,3860.5452106513712,-1098.734853075334,-88.26290897999934,0
2018-02-04,1873.8204592931365,736.6459063747648,2967.176411378731,3772.2823016713705,-1898.461842378234,-88.2629089800007,0
2018-02-05,4248.970147675505,3086.152363079185,5464.522732472722,3684.0193926913703,564.9507549841346,-88.26290898000025,0
2018-02-06,4268.757044247552,3100.5382579234315,5446.220968934631,3595.756481000193,673.0005632473587,-88.26291169117712,0
2018-02-07,3971.9077284173363,2726.6534128248263,5187.103018880069,3507.4935693090156,464.4141591083205,-88.26291169117758,0
2018-02-08,4158.439581738562,2956.873610374674,5302.11447651332,3419.230657617838,739.2089241207243,-88.26291169117758,0
2018-02-09,3886.5900399250827,2727.749606537465,5088.189996572769,3330.967745926661,555.6222939984218,-88.26291169117712,0
2018-02-10,2143.9699811591795,968.7036279166215,3332.8974086504427,3242.7048342354833,-1098.7348530763038,-88.26291169117758,0
2018-02-11,1255.980080166066,-72.47502692583906,2438.609749504199,3154.4419225443053,-1898.4618423782392,-88.26291169117803,0
2018-02-12,3631.129765834765,2455.2879739500713,4868.133731367945,3066.1790108531272,564.9507549816374,-88.26291169117803,0
2018-02-13,3650.9166624102154,2482.018549134908,4821.725587078603,2977.91609916195,673.0005632482654,-88.26291169117712,0
2018-02-14,3354.067346580642,2205.872694005149,4447.804150962345,2889.6531874707725,464.4141591098698,-88.26291169117758,0
2018-02-15,3540.5991998978106,2329.9140330504497,4662.398389811946,2801.3902757795954,739.2089241182151,-88.26291169117712,0
2018-02-16,3268.7496580854195,2111.836829661784,4413.647180688585,2713.1273640884174,555.6222939970023,-88.26291169117803,0
2018-02-17,1633.4902711758866,416.43588460544794,2767.3991713914943,2732.225124254668,-1098.7348530787815,19.097760166250737,0
2018-02-18,852.8610420441798,-348.46028693038664,2011.9608906325368,2751.3228844209193,-1898.4618423767395,19.09776016625119,0
2018-02-19,3335.3713995664616,2197.8493478578084,4545.450809660495,2770.42064458717,564.9507549792916,19.097760166250737,0
2018-02-20,3462.5189680015114,2284.218935751213,4630.804070409405,2789.5184047534212,673.0005632480901,19.09776016625119,0
2018-02-21,3273.0303240290195,2086.1423157976988,4447.0793351681505,2808.6161649196724,464.41415910934705,19.09776016625119,0
2018-02-22,3566.9228492071675,2379.2618837666696,4740.466814734919,2827.713925085923,739.2089241212444,19.097760166250737,0
2018-02-23,3402.4339792477576,2151.7057615127114,4567.054295137776,2846.8116852521744,555.6222939955832,19.09776016625119,0
2018-02-24,1767.174592340181,615.3069490240943,2928.3933573369854,2865.909445418425,-1098.734853078244,19.097760166250737,0
2018-02-25,986.5453632069073,-130.3144112393112,2103.5525179637866,2885.0072055846763,-1898.461842377769,19.09776016625119,0
2018-02-26,3469.0557207316533,2321.9398533538474,4699.642346377213,2904.104965750927,564.9507549807262,19.097760166250737,0
2018-02-27,3596.20328916515,2445.4753022080854,4817.924627570133,2923.202725917178,673.0005632479721,19.09776016625119,0
2018-02-28,3406.7146451939493,2299.317598337505,4515.073725521189,2942.300486083429,464.4141591105202,19.097760166250737,0
2018-03-01,3671.327482655558,2471.3898931244557,4833.448510979069,2932.118558536823,739.2089241187352,-10.181927546605948,0
2018-03-02,3477.558924987058,2385.117572192774,4642.725246270675,2921.936630990217,555.6222939968413,-10.181927546605948,0
2018-03-03,1813.0198503665054,619.9670959273662,3076.5026225632782,2911.7547034436107,-1098.7348530771053,-10.181927546606403,0
2018-03-04,1003.1109335199831,-150.9056224512518,2165.629290167985,2901.5727758970047,-1898.4618423770216,-10.181927546605948,0
2018-03-05,3456.3416033324083,2311.646757307825,4637.535831576154,2891.3908483503983,564.9507549820102,-10.181927546606403,0
2018-03-06,3554.2094840516465,2342.0618680538887,4769.617036537579,2881.2089208037924,673.0005632478542,-10.181927546605948,0
2018-03-07,3335.4411523654885,2151.2226902840953,4536.867632721988,2871.0269932571864,464.41415910830193,-10.181927546605948,0
2018-03-08,3600.0539898308675,2417.973813085804,4804.8492603820605,2860.84506571058,739.2089241202875,-10.181927546606403,0
2018-03-09,3406.285432161359,2301.471110542635,4640.45622515127,2850.6631381639736,555.6222939973856,-10.181927546606403,0
2018-03-10,1741.7463575392924,589.7607797001443,2971.9833914262817,2840.4812106173677,-1098.7348530780753,-10.181927546605948,0
2018-03-11,931.8374406919575,-323.9237513583199,2014.3356960330352,2830.2992830707617,-1898.4618423788042,-10.181927546605948,0
2018-03-12,3385.068110507599,2208.4165754030814,4564.560729946103,2820.1173555241544,564.9507549834445,-10.181927546607312,0
2018-03-13,3482.936049377364,2328.306611776084,4571.7817805853365,2809.9354861286606,673.0005632487031,-10.181869395493777,0
2018-03-14,3264.1677758430174,1993.5923810959616,4408.907908946844,2799.7536167331664,464.41415910985114,-10.181869395494232,0
2018-03-15,3528.780671456928,2298.6382341178196,4617.501283599005,2789.5717473376726,739.2089241192555,-10.181869395493777,0
2018-03-16,3335.012171938144,2209.6222158784267,4431.451969196178,2779.389877942178,555.6222939959662,-10.181869395494687,0
2018-03-17,1670.4731554676387,518.4197781737968,2880.278865253162,2769.208008546684,-1098.7348530790455,-10.181869395493777,0
2018-03-18,860.5642967698502,-356.02729612575484,2073.371296451348,2759.02613915119,-1898.4618423813397,-10.181869395494232,0
2018-03-19,3313.7950247366434,2145.980561160162,4555.0023248637335,2748.8442697556957,564.9507549809479,-10.181869395494232,0
2018-03-20,3411.6629636077623,2262.8831042086767,4611.368429904614,2738.662400360202,673.0005632475606,-10.181869395493777,0
2018-03-21,3192.8946900740357,2006.6167794938547,4363.175920553371,2728.480530964707,464.4141591093286,-10.181869395494687,0
2018-03-22,3457.507585687437,2218.4379497341874,4622.805297691573,2718.2986615692134,739.2089241182234,-10.181869395493777,0
2018-03-23,3263.7390861702315,2071.5816306425736,4509.737108129478,2708.116792173721,555.6222939965105,-10.181869395492413,0
2018-03-24,1601.7109415981417,486.38758675718543,2758.046155563447,2700.445794674541,-1098.7348530763993,-7.670997499179975,0
2018-03-25,794.3129547955216,-363.8818535492803,1867.8604301460864,2692.774797175361,-1898.4618423798395,-7.670997499179975,0
2018-03-26,3250.054554658564,2102.9528614815663,4491.612416269892,2685.1037996761816,564.9507549823826,-7.670997499179521,0
2018-03-27,3350.433365424444,2119.2230503919823,4447.349916623337,2677.4328021770016,673.0005632474426,-7.670997499179975,0
2018-03-28,3134.1759637870036,1862.8839502757496,4270.8945491406175,2669.7618046778216,464.41415910918204,-7.670997499179975,0
2018-03-29,3401.299731298418,2177.349789220769,4499.049231562316,2662.090807178642,739.2089241197757,-7.670997499179521,0
2018-03-30,3210.042103675267,2081.5347834170348,4374.363499665,2654.419809679462,555.622293995805,-7.670997499179975,0
2018-03-31,1548.0139591014056,427.7372884403132,2734.264567929851,2646.7488121802826,-1098.734853078877,-7.670997499179521,0
2018-04-01,740.6159723020105,-388.0734029072344,1958.8594581014797,2639.0778146811026,-1898.461842379092,-7.670997499179975,0
2018-04-02,3196.35757216574,2096.4528891017576,4387.711707691662,2631.4068171819226,564.9507549838173,-7.670997499179975,0
2018-04-03,3296.736382929043,2225.346650824488,4546.178181773478,2623.735819682743,673.0005632462999,-7.670997499179521,0
2018-04-04,3080.478981292598,1927.7897267766102,4319.939337342158,2616.0648221835622,464.4141591090355,-7.670997499180885,0
2018-04-05,3352.3206583926976,2246.754124341985,4487.0648930628795,2613.111734273954,739.2089241187437,-2.953087909608257,0
2018-04-06,3165.7809403606952,2058.684332321433,4389.311623598121,2610.1586463643457,555.6222939963493,-2.953087909608257,0
2018-04-07,1508.4707053748903,249.01160181890035,2752.4584669097844,2607.205558454737,-1098.7348530798467,-2.953087909608712,0
2018-04-08,705.7906281675369,-528.4374697231772,1865.9259469097174,2604.2524705451287,-1898.461842377592,-2.953087909608257,0
2018-04-09,3166.2501376168407,1938.2264229170034,4329.661201654504,2601.2993826355205,564.9507549813202,-2.953087909608257,0
2018-04-10,3271.346857974086,2000.0411128215942,4435.70750203268,2598.3462947259122,673.000563248174,-2.953087909608257,0
2018-04-11,3059.8073659248166,1908.924465122456,4257.090721430726,2595.3932068163035,464.414159108513,-2.953087909608712,0
2018-04-12,3331.6490430264375,2217.6551226524,4446.424719424452,2592.4401189066953,739.2089241197424,-2.953087909608257,0
2018-04-13,3145.1093249939804,2008.4790313840065,4300.886640646737,2589.4870309970865,555.6222939968937,-2.953087909608712,0
2018-04-14,1487.7990900138943,448.3064848535503,2654.020002907533,2586.5339430874787,-1098.7348530735844,-2.9530879096078024,0
2018-04-15,685.119012798496,-465.87796127992357,1870.821283195248,2583.58085517787,-1898.461842379374,-2.953087909608712,0
2018-04-16,3145.5785222510176,1983.3213373602127,4404.788669742212,2580.6277672682622,564.9507549827551,-2.9530879096078024,0
2018-04-17,3250.675234200213,2076.429965249415,4432.725181030528,2577.6746709531817,673.0005632470313,-2.953096315080529,0
2018-04-18,3039.1357337460922,1892.015641601585,4264.693810269254,2574.7215746381016,464.41415910799066,-2.9530963150800744,0
2018-04-19,3310.9774024417316,2198.0130342011307,4486.780296769559,2571.768478323021,739.2089241187103,-2.953096315080529,0
2018-04-20,3124.437676004129,1987.1811495223994,4311.269390157259,2568.815382007941,555.6222939961882,-2.9530963150800744,0
2018-04-21,1467.1274326198136,304.6052407524603,2697.519765810931,2565.8622856928605,-1098.734853073047,-2.953096315080529,0
2018-04-22,664.4473469991533,-503.7187634268186,1795.277331051756,2562.9091893777804,-1898.4618423786271,-2.9530963150800744,0
2018-04-23,3124.90684804674,1956.5701826573938,4273.557524176354,2559.956093062701,564.950754984039,-2.9530963150796197,0
2018-04-24,3230.0035599965254,2038.0339254600087,4448.72662370139,2557.0029967476203,673.0005632489052,-2.953096315080529,0
2018-04-25,3018.4640595420797,1913.945200073172,4230.855925396684,2554.04990043254,464.4141591095394,-2.9530963150800744,0
2018-04-26,3290.3057282356917,2042.325948862675,4445.087338293394,2551.0968041174597,739.208924118232,-2.953096315080529,0
2018-04-27,3103.766001799113,1902.7904353151032,4286.011628903339,2548.1437078023805,555.6222939967325,-2.953096315079165,0
2018-04-28,1446.4556900763107,289.3506019279149,2557.2880974092536,2545.190543151835,-1098.7348530755241,-2.9531646505456592,0
2018-04-29,643.7755361234097,-542.7617614273898,1748.881423034786,2542.237378501289,-1898.4618423778795,-2.9531646505456592,0
2018-04-30,3104.2349688362174,2013.0967733964524,4251.620818896341,2539.284213850744,564.9507549854736,-2.9531646505452045,0
2018-05-01,3209.3316124489284,2026.2134564916507,4285.56891267208,2536.331049200199,673.0005632487298,-2.9531646505452045,0
2018-05-02,2997.7920436569743,1903.4730579645718,4146.000207415436,2533.377884549653,464.4141591073214,-2.9531646505456592,0
2018-05-03,3269.633644018338,2163.095675039236,4460.394278713647,2530.4247198991075,739.2089241192306,-2.9531646505456592,0
2018-05-04,3083.0938492438754,1928.3667809348706,4236.041121300563,2527.4715552485623,555.6222939953132,-2.9531646505452045,0
2018-05-05,1425.783537521522,206.86051116879267,2655.1103791722544,2524.5183905980166,-1098.7348530764946,-2.9531646505456592,0
2018-05-06,623.1033835685619,-521.5726624920239,1761.486438144815,2521.565225947471,-1898.461842378909,-2.9531646505456592,0
2018-05-07,3083.5628162800535,1879.9005053231772,4288.234489101478,2518.6120612969257,564.9507549831277,-2.9531646505452045,0
2018-05-08,3188.659459893967,1999.8233075973615,4280.768205637701,2515.65889664638,673.0005632475869,-2.9531646505456592,0
2018-05-09,2977.1198911043293,1757.6681284653725,4189.191966772493,2512.705731995835,464.4141591084945,-2.9531646505452045,0
2018-05-10,3248.961470143597,2097.8196095837443,4446.2969845961425,2509.752546023368,739.2089241202293,-2.953185972467054,0
2018-05-11,3062.4216540501493,1883.7472802164552,4227.259029978908,2506.7993600509008,555.6222939992488,-2.953185972467054,0
2018-05-12,1405.1113210030774,228.80995385567402,2547.202600204135,2503.8461740784333,-1098.7348530753559,-2.9531859724675087,0
2018-05-13,602.4311457270514,-473.6392680557385,1772.3848875365577,2500.892988105966,-1898.4618423789148,-2.953185972467054,0
2018-05-14,3062.8905571179107,1882.4829546747615,4161.012817137189,2497.939802133499,564.9507549844114,-2.953185972467054,0
2018-05-15,3167.9871794095257,2015.0100272866446,4356.5766011247815,2494.9866161610316,673.000563248494,-2.9531859724675087,0
2018-05-16,2956.4475892965365,1792.7701614371654,4126.835251602959,2492.0334301885646,464.4141591079719,-2.953185972467054,0
2018-05-17,3228.2891683338175,2110.302579090371,4411.4286195916875,2489.0802442160975,739.2089241177201,-2.953185972467054,0
2018-05-18,3041.7493522414597,1903.2578967645231,4212.949191277562,2486.12705824363,555.6222939978295,-2.9531859724675087,0
2018-05-19,1384.4390191933294,197.02767290108807,2662.039934567295,2483.173872271163,-1098.7348530778336,-2.953185972467054,0
2018-05-20,581.7588439212811,-591.5797624716838,1743.7959007496643,2480.220686298696,-1898.4618423774148,-2.953185972467054,0
2018-05-21,3042.2182553119233,1810.773229212139,4104.306683148846,2477.267500326228,564.9507549856953,-2.9531859724679634,0
2018-05-22,3139.651250627165,2060.0358057893145,4281.941763367268,2466.6506873788467,673.0005632483184,-10.616812947381277,0
2018-05-23,2920.4480335409867,1698.1938178285097,4001.670388004443,2456.0338744314654,464.41415910952117,-10.616812947381277,0
2018-05-24,3184.6259856048337,1966.5939949934168,4328.711448565592,2445.417061484084,739.2089241207497,-10.616812947381277,0
2018-05-25,2990.4225425331124,1855.8162148662748,4204.115610232239,2434.8002485367024,555.6222939964102,-10.616812947381732,0
2018-05-26,1325.4485825120248,145.86290119502965,2472.667051730935,2424.1834355893207,-1098.7348530772958,-10.616812947381732,0
2018-05-27,515.1047802652722,-615.6159410299132,1714.980110994857,2413.5666226419394,-1898.4618423766672,-10.616812947381277,0
2018-05-28,2967.900564674277,1822.9208740848574,4176.9273699926,2402.9498096945576,564.9507549797192,-10.616812947381732,0
2018-05-29,3065.3335599953766,1972.6095157002949,4244.7864068482995,2392.3329967471764,673.0005632482004,-10.616812947381277,0
2018-05-30,2846.130342910489,1729.9334328970817,4046.3464295668905,2381.716183799795,464.4141591106943,-10.616812947381277,0
2018-05-31,3110.3082949721315,1933.633693986407,4258.1622668094,2371.099370852414,739.2089241197176,-10.616812947381277,0
2018-06-01,2916.1048519000233,1720.8351651352953,4068.340197629702,2360.482557905032,555.622293994991,-10.616812947381732,0
2018-06-02,1251.1309022383869,73.90716320843198,2460.3081836885426,2349.8657553145445,-1098.7348530761576,-10.616802590487623,0
2018-06-03,440.78711034635967,-721.5424316481558,1594.042790228257,2339.248952724057,-1898.4618423776972,-10.616802590487623,0
2018-06-04,2893.5829051145734,1699.3827373269653,4101.845066049955,2328.63215013357,564.9507549810032,-10.616802590486714,0
2018-06-05,2991.015910791165,1863.0156570203123,4122.6076144153185,2318.0153475430825,673.0005632480825,-10.616802590487623,0
2018-06-06,2771.8127040610707,1598.1251887196875,3970.4440290654984,2307.398544952595,464.4141591084759,-10.616802590487623,0
2018-06-07,3035.9906664819005,1815.9872857679254,4247.023738262346,2296.7817423621077,739.2089241197926,-10.616802590487168,0
2018-06-08,2841.787233769833,1733.9402158215246,4076.648860775067,2286.1649397716205,555.6222939982125,-10.616802590487168,0
2018-06-09,1176.813284104006,-59.02220848705008,2296.4944364264006,2275.5481371811334,-1098.7348530771274,-10.616802590487168,0
2018-06-10,366.46949221444925,-812.3227654930847,1532.2600058630694,2264.9313345906457,-1898.4618423761965,-10.616802590487623,0
2018-06-11,2819.265286982596,1721.2284120880986,4019.2010281516036,2254.3145320001586,564.9507549824377,-10.616802590487168,0
2018-06-12,2916.698292657636,1733.4637911589307,4147.01638846549,2243.6977294096714,673.0005632479646,-10.616802590487168,0
2018-06-13,2697.495085929207,1513.4469985247345,3847.158621295176,2233.080926819182,464.41415911002514,-10.616802590489442,0
2018-06-14,2974.845731828084,1729.1016972681625,4100.8077603139,2235.6368077093234,739.2089241187606,2.5558808901414523,0
2018-06-15,2793.814982596258,1644.7632487996002,3954.205065932681,2238.1926885994644,555.6222939967935,2.5558808901409975,0
2018-06-16,1142.0137164115085,-21.38095951091844,2376.7356453813663,2240.748569489606,-1098.7348530780973,2.5558808901414523,0
2018-06-17,344.8426080035447,-795.5725223700911,1527.6997821468558,2243.304450379747,-1898.4618423762022,2.5558808901409975,0
2018-06-18,2810.811086249829,1670.739385689742,3931.781905121867,2245.860331269888,564.9507549799408,2.5558808901409975,0
2018-06-19,2921.4167754078185,1847.5432177309995,4145.533613123316,2248.4162121600293,673.000563247789,2.5558808901414523,0
2018-06-20,2715.386252159673,1571.7202000328107,3872.4804326192534,2250.9720930501703,464.4141591095026,2.5558808901409975,0
2018-06-21,2992.7368980600713,1782.799529629764,4223.721381359008,2253.5279739403118,739.2089241197593,2.5558808901414523,0
2018-06-22,2811.7061488277905,1670.5685590497162,3999.471520415299,2256.0838548304528,555.6222939973377,2.5558808901409975,0
2018-06-23,1159.9048826415262,36.1947334908876,2282.6100111747833,2258.6397357205938,-1098.7348530790675,2.5558808901409975,0
2018-06-24,362.7337742294674,-843.7209192443255,1602.2337646542521,2261.195616610735,-1898.4618423812678,2.5558808901414523,0
2018-06-25,2828.7022524822537,1629.110214953868,3937.486724557747,2263.751497500878,564.9507549813756,2.5558808901428165,0
2018-06-26,2983.107044986689,1803.0487910105642,4129.5244589784725,2310.106481739018,673.0005632476709,46.35498423813988,0
2018-06-27,2820.8756250861397,1702.4643752179156,4011.82956101086,2356.4614659771596,464.41415910897996,46.3549842381417,0
2018-06-28,3142.0253743360595,1885.1639246252037,4261.97164634812,2402.8164502153013,739.2089241207581,46.3549842381417,0
2018-06-29,3004.7937284500736,1879.873836486033,4182.984433998309,2449.171434453441,555.6222939966323,46.35498423813988,0
2018-06-30,1396.7915656136552,251.56661466524778,2512.7779351930826,2495.5264186915842,-1098.734853077929,46.35498423814306,0
2018-07-01,643.4195605499565,-424.71520536934935,1830.7274021838537,2541.881402929724,-1898.4618423797676,46.35498423813988,0
2018-07-02,3153.1871421505252,1998.6865837044559,4260.817636603143,2588.236387167866,564.9507549826595,46.3549842381417,0
2018-07-03,3307.5919346525357,2090.347343832801,4464.281901341914,2634.5913714060075,673.0005632465283,46.3549842381417,0
2018-07-04,3145.360514752605,2003.1967192627542,4337.823397027439,2680.9463556441474,464.41415910845745,46.35498423813988,0
2018-07-05,3466.510264002569,2311.5235905658888,4597.397368822211,2727.301339882289,739.2089241202797,46.3549842381417,0
2018-07-06,3329.278618117607,2140.12910077935,4462.998742916741,2773.6563241204303,555.6222939971766,46.35498423814124,0
2018-07-07,1659.154849453673,536.4168809711879,2902.837467904725,2757.889702532572,-1098.7348530788988,-15.76662158785848,0
2018-07-08,843.6612385664455,-393.6418662268855,2044.41398352699,2742.1230809447125,-1898.461842378267,-15.76662158785939,0
2018-07-09,3291.3072143407967,2053.258915520644,4422.227553032171,2726.3564593568535,564.9507549839433,-15.766621587858936,0
2018-07-10,3383.5904010173967,2212.0419885133488,4601.592990990536,2710.5898377689946,673.0005632484023,-15.766621587858936,0
2018-07-11,3159.2373752898234,2097.9908011128114,4357.862598203956,2694.823216181136,464.41415910868716,-15.76662158785848,0
2018-07-12,3418.2655187125247,2173.6453090890705,4535.752029555345,2679.056594593277,739.2089241192474,-15.766621587858936,0
2018-07-13,3218.912267001176,2055.2083485801163,4374.303569614093,2663.2899730054187,555.6222939957573,-15.76662158785848,0
2018-07-14,1548.7884983361837,388.63728084222384,2673.6561607645795,2647.52335141756,-1098.7348530813765,-15.76662158785848,0
2018-07-15,733.2948874496517,-450.30402363116553,2007.5148077408455,2631.7567298297017,-1898.46184238005,-15.76662158785848,0
2018-07-16,3180.94086322344,1989.5157379020905,4341.172983643476,2615.990108241843,564.9507549815972,-15.766621587858936,0
2018-07-17,3273.2240499012432,2160.5973279486407,4417.358594379758,2600.223486653984,673.0005632472594,-15.766621587858936,0
2018-07-18,3048.87102417429,1820.0569405080016,4280.2784731183965,2584.456865066126,464.4141591081644,-15.766621587858026,0
2018-07-19,3272.4217524241976,2058.687593253266,4391.02071742041,2533.212828305982,739.2089241182155,-51.2440367601439,0
2018-07-20,3037.5910855401744,1848.2054042983193,4152.773277519607,2481.9687915458367,555.622293994338,-51.24403676014526,0
2018-07-21,1331.989901713592,160.74857551082223,2491.6322402599094,2430.724754785691,-1098.734853072099,-51.24403676014572,0
2018-07-22,481.01887564624485,-615.3851538314789,1740.1252795280668,2379.4807180255475,-1898.4618423793027,-51.244036760143445,0
2018-07-23,2893.1874362484355,1704.245811722606,4067.797071274295,2328.2366812654036,564.9507549830319,-51.2440367601439,0
2018-07-24,2949.9932077524,1701.7759199005993,4159.819803773272,2276.9926445052583,673.0005632471415,-51.24403676014526,0
2018-07-25,2690.162766854452,1534.8704031410946,3831.019661311763,2225.7486077451144,464.41415910933756,-51.2440367601439,0
2018-07-26,2913.7134951027074,1802.0310528637467,4005.2684654863374,2174.5045709849705,739.208924117737,-51.2440367601439,0
2018-07-27,2678.8828282204213,1433.0693103847198,3761.971860517417,2123.2605342248253,555.622293995596,-51.24403676014526,0
2018-07-28,973.2816443901049,-29.54933236177309,2229.2451033710595,2072.0164974646814,-1098.7348530745764,-51.2440367601439,0
2018-07-29,122.31061832598243,-1089.6259895560677,1301.409831648159,2020.7724607045377,-1898.4618423785553,-51.24403676014367,0
2018-07-30,2534.4791789288606,1317.861892800287,3687.2600388992414,1969.5284239443938,564.9507549844668,-51.2440367601439,0
2018-07-31,2688.0023187438474,1525.5061543686195,3835.1864649819363,2015.0017554968238,673.0005632470236,45.473331552429954,0
2018-08-01,2524.8892461567457,1414.0055072475097,3677.5246156251264,2060.4750870492503,464.41415910749527,45.473331552426544,0
2018-08-02,2845.1573427204125,1742.3214433625287,4066.1749778352996,2105.9484186016766,739.2089241187358,45.473331552426316,0
2018-08-03,2707.0440441502433,1511.0149715705882,3770.7799329475342,2151.421750154103,555.6222939961403,45.473331552426316,0
2018-08-04,1098.1602286309844,-74.90266416138202,2196.4033010190656,2196.895081706531,-1098.7348530755467,45.473331552428135,0
2018-08-05,343.9065708819028,-863.6659845086685,1533.7317106536257,2242.368413258958,-1898.461842377055,45.47333155242677,0
2018-08-06,2852.7924997935047,1601.751591080489,4071.135850000316,2287.841744811384,564.9507549821205,45.473331552426316,0
2018-08-07,3006.315639612651,1888.972112402192,4108.94347213872,2333.315076363811,673.0005632488401,45.47333155242677,0
2018-08-08,2843.202567024906,1725.6776890041965,4045.4132331382143,2378.7884079162372,464.4141591086685,45.473331552426316,0
2018-08-09,3163.470663588398,1937.0841187832004,4294.130027991487,2424.2617394686636,739.2089241197344,45.473331552426316,0
2018-08-10,3025.3573650177814,1829.1598308588011,4252.79852366766,2469.7350710210967,555.6222939966847,45.47333155243314,0
2018-08-11,1366.6763835288298,194.2359242818289,2486.063932062021,2465.4112366032377,-1098.734853074408,-4.323834417858961,0
2018-08-12,562.6255598057887,-649.1432036301952,1719.3315121865778,2461.0874021853792,-1898.4618423795905,-4.323834417858507,0
2018-08-13,3021.7143227509246,1877.7212318556853,4228.68748725413,2456.7635677675203,564.9507549834044,-4.323834417858961,0
2018-08-14,3125.4402965983836,1893.832177818279,4224.473181549965,2452.4397333496618,673.0005632487221,-4.323834417858507,0
2018-08-15,2912.5300580399494,1746.9708919492402,3990.8924454478,2448.1158989318033,464.41415910814595,-4.323834417858507,0
2018-08-16,3183.000988632646,2032.5719331178038,4376.2181325333595,2443.792064513944,739.2089241187025,-4.323834417859416,0
2018-08-17,2995.0905240940283,1716.119958049667,4133.0536538747565,2439.468230096086,555.6222939979427,-4.323834417858052,0
2018-08-18,1336.409542602849,225.91471508480942,2568.174341229574,2435.144395678227,-1098.734853075378,-4.323834417858961,0
2018-08-19,532.3587188822776,-637.1073123273512,1766.5387649349686,2430.820561260368,-1898.4618423780903,-4.323834417858961,0
2018-08-20,2991.4474818271974,1815.2682122560357,4143.72920275061,2426.4967268425094,564.9507549846883,-4.323834417858507,0
2018-08-21,3095.1734556732545,1894.160770430653,4230.481304005797,2422.1728924246504,673.0005632486043,-4.323834417858961,0
2018-08-22,2882.263217116487,1686.534161621808,4044.221548373402,2417.849058006792,464.41415910969516,-4.323834417858507,0
2018-08-23,3152.7362624143693,2050.7371149002306,4328.1400295021795,2413.5273382941145,739.2089241202547,-4.32171971267735,0
2018-08-24,2964.827912576711,1904.4653569082598,4272.97527492796,2409.205618581437,555.6222939952737,-4.32171971267735,0
2018-08-25,1306.1490457924117,190.50695673025095,2505.7395646798477,2404.88389886876,-1098.7348530763481,-4.32171971267735,0
2018-08-26,502.1003367787396,-707.290002026145,1716.007139688467,2400.5621791560825,-1898.461842377343,-4.32171971267735,0
2018-08-27,2961.1912144295275,1785.0951618663487,4154.24451422678,2396.2404594434047,564.9507549861229,-4.321719712677805,0
2018-08-28,3064.919302979157,1896.6164828010606,4246.872152280358,2391.918739730728,673.0005632484288,-4.321719712676895,0
2018-08-29,2852.011179127223,1600.0464638025755,4022.310073931888,2387.5970200180504,464.41415910917243,-4.32171971267735,0
2018-08-30,3122.4842244245956,1977.309854739816,4283.842619685869,2383.275300305373,739.2089241192226,-4.32171971267735,0
2018-08-31,2934.5758745885137,1746.6556839335185,4059.457817509827,2378.9535805926957,555.6222939958179,-4.32171971267735,0
2018-09-01,1275.8970078027003,181.15087630381308,2413.2123999494625,2374.6318608800184,-1098.7348530773181,-4.32171971267735,0
2018-09-02,471.84829878896835,-716.9814603882302,1682.3963826203653,2370.310141167341,-1898.4618423783727,-4.32171971267735,0
2018-09-03,2930.939176434663,1784.7015231854732,3985.25224314274,2365.9884214546664,564.9507549799962,-4.321719712674621,0
2018-09-04,3017.084813575353,1867.646717656746,4157.42271952426,2344.0842503260174,673.0005632493355,-21.904171128649068,0
2018-09-05,2786.5942383060187,1591.3763379839402,3947.4136379095407,2322.1800791973687,464.4141591086499,-21.904171128648613,0
2018-09-06,3039.4848321889413,1844.1721011384147,4185.802126609711,2300.2759080687197,739.2089241202214,-21.904171128649068,0
2018-09-07,2833.994030939111,1654.0381666551232,4044.9227689524637,2278.371736940071,555.6222939990398,-21.904171128648613,0
2018-09-08,1157.7327127352423,87.09592696996285,2426.022676681665,2256.467565811422,-1098.7348530761797,-21.904171128649068,0
2018-09-09,336.1015523051485,-809.9288379320592,1412.0310098311822,2234.563394682774,-1898.4618423776253,-21.90417112864816,0
2018-09-10,2777.609978535556,1521.1228315981316,3942.8178274737206,2212.659223554125,564.9507549814308,-21.904171128648613,0
2018-09-11,2863.755615673669,1699.4249103884113,4013.8094042306802,2190.755052425476,673.0005632481927,-21.904171128649068,0
2018-09-12,2633.265040404955,1460.6191540014268,3810.5589496620732,2168.8508812968275,464.4141591081274,-21.904171128648613,0
2018-09-13,2886.1556342858908,1638.552256808106,4094.8033780496144,2146.9467101681785,739.2089241177122,-21.904171128649068,0
2018-09-14,2680.6648330371536,1418.7762821259082,3825.748524102028,2125.042539039533,555.6222939976204,-21.90417112864543,0
2018-09-15,963.4950827538141,-111.75038087612612,2247.8409820299344,2062.2299358294563,-1098.7348530756421,-62.81260321007676,0
2018-09-16,100.95549024250136,-998.8594600578754,1365.4930660909865,1999.4173326193793,-1898.461842376878,-62.812603210076986,0
2018-09-17,2501.5554843918662,1341.8878663325427,3599.0113250705017,1936.6047294093023,564.9507549825637,-62.812603210076986,0
2018-09-18,2546.792689447242,1414.361814611657,3681.361806069086,1873.7921261992253,673.000563248017,-62.812603210076986,0
2018-09-19,2275.393682098825,1107.0635605941063,3425.7731360764674,1810.9795229891486,464.4141591096766,-62.81260321007676,0
2018-09-20,2487.375843898336,1239.4279610121876,3589.176532642833,1748.1669197790716,739.2089241192645,-62.812603210076986,0
2018-09-21,2240.9766105671592,993.3168951327381,3422.921898350937,1685.3543165689946,555.6222939981648,-62.812603210076986,0
2018-09-22,523.806860280795,-578.1036078696528,1679.6171503117969,1622.5417133589144,-1098.7348530781194,-62.81260321008017,0
2018-09-23,-338.73273222729335,-1528.5569601742131,837.2950173040865,1559.7291101488374,-1898.4618423761308,-62.812603210076986,0
2018-09-24,2061.8672619191293,898.9907406179283,3200.58746677063,1496.9165069387607,564.9507549803687,-62.81260321007676,0
2018-09-25,2107.104466976583,968.4895049362178,3281.4823302406057,1434.1039037286837,673.0005632478991,-62.812603210076986,0
2018-09-26,1835.7054596260682,663.3764411697022,2984.865062995341,1371.2913005186101,464.4141591074582,-62.812603210073576,0
2018-09-27,2216.351301563938,1163.9783429626332,3306.0853838148187,1477.1423774436748,739.2089241202631,105.85107692506472,0
2018-09-28,2138.6157483635247,993.2975281749888,3302.1925095022734,1582.9934543687427,555.622293994782,105.8510769250679,0
2018-09-29,590.1096782168265,-651.9188313521037,1748.8307765123159,1688.8445312938074,-1098.734853076981,105.85107692506472,0
2018-09-30,-103.76623415828772,-1298.8883010027016,951.2424928634903,1794.6956082188722,-1898.4618423771599,105.85107692506472,0
2018-10-01,2465.4974401255895,1240.8271042521565,3732.44630419283,1900.5466851439369,564.9507549816525,105.85107692506472,0
2018-10-02,2679.398325315758,1479.558129145793,3764.325429330493,2006.3977620690016,673.0005632467565,105.85107692506472,0
2018-10-03,2576.6629981026977,1366.3190900309437,3702.2740175428016,2112.2488389940663,464.4141591086312,105.85107692506472,0
2018-10-04,2957.3088400389156,1728.7959409744046,4037.1257957957455,2218.099915919131,739.2089241197847,105.85107692506472,0
2018-10-05,2879.573286842203,1733.9703524870467,4035.186944077877,2323.950992844199,555.6222939980037,105.8510769250679,0
2018-10-06,1331.0672166913093,129.7779426085213,2450.0656496321217,2429.8020697692605,-1098.7348530779511,105.85107692506153,0
2018-10-07,637.1913043146394,-537.2832603472976,1826.103209890727,2535.6531466943347,-1898.4618423796953,105.85107692507427,0
2018-10-08,3206.4549786023244,2007.8903647083246,4400.8491493782285,2641.504223619388,564.9507549829362,105.85107692505335,0
2018-10-09,3354.8961277586877,2142.181239810562,4534.551585034654,2681.8955645110245,673.0005632476632,40.391340891636446,0
2018-10-10,3186.7010645128435,1955.168852131602,4418.795936930324,2722.286905402663,464.41415911018066,40.391340891638265,0
2018-10-11,3501.887170413052,2378.4307173329225,4604.071070386049,2762.6782462942992,739.2089241187526,40.391340891636446,0
2018-10-12,3358.69188118252,2179.5431948709765,4551.04817133836,2803.0695871859357,555.6222939965844,40.391340891636446,0
2018-10-13,1744.7260749971435,608.8907701422295,2808.498455739854,2843.460928077572,-1098.7348530804286,40.391340891636446,0
2018-10-14,985.3904265910135,-192.4985728630336,2124.257653585221,2883.8522689692086,-1898.4618423781951,40.391340891636446,0
2018-10-15,3489.1943648414353,2251.871805647474,4671.299431015843,2924.243609860845,564.9507549805901,40.391340891636446,0
2018-10-16,3637.6355139999705,2489.5825119840115,4738.42449997849,2964.634950752483,673.0005632474878,40.39134089163781,0
2018-10-17,3469.440450752458,2320.4916505173414,4583.080180591296,3005.0262916441197,464.4141591083385,40.3913408916369,0
2018-10-18,3784.6265566555076,2672.774494769767,4881.932383706125,3045.417632535756,739.2089241197514,40.391340891636446,0
2018-10-19,3641.431267422562,2460.744783612073,4758.369732238869,3085.808973427397,555.622293995165,40.39134089164099,0
2018-10-20,1969.7800068657145,779.7093702772293,3228.8301610197295,3068.5148599456056,-1098.734853079891,-17.294113481791555,0
2018-10-21,1152.758904083083,74.2815459329259,2433.6786524131767,3051.220746463814,-1898.461842380731,-17.294113481791555,0
2018-10-22,3598.8773879640476,2457.0390924746457,4835.600165688031,3033.9266329820225,564.950754982025,-17.294113481791555,0
2018-10-23,3689.6330827476004,2572.4522375445977,4896.797365325487,3016.632519500231,673.0005632473695,-17.294113481791555,0
2018-10-24,3463.75256512795,2304.0665716854896,4725.143011698281,2999.3384060184385,464.4141591095115,-17.294113481792465,0
2018-10-25,3721.2532166553665,2480.2790165890124,4890.022656480865,2982.044292536647,739.2089241187193,-17.294113481791555,0
2018-10-26,3520.3724730512786,2354.5406743302347,4708.13913190207,2964.7501790548554,555.6222939964232,-17.294113481791555,0
2018-10-27,1848.7212124943114,677.068534349443,2971.544011921041,2947.456065573064,-1098.7348530787524,-17.294113481791555,0
2018-10-28,1031.700109712042,-212.69465698298487,2178.087409265343,2930.1619520912723,-1898.4618423792303,-17.294113481791555,0
2018-10-29,3477.8185935927895,2323.0773418596377,4681.253811170749,2912.8678386094807,564.9507549833089,-17.294113481791555,0
2018-10-30,3568.57428837494,2414.0545873265264,4708.035879025857,2895.5737251276882,673.0005632472518,-17.294113481792465,0
2018-10-31,3342.693770753566,2179.8913500336826,4548.43954497717,2878.2796116458967,464.41415910766926,-17.294113481791555,0
2018-11-01,3600.1944222843767,2480.826055427496,4744.073511554162,2860.985498164105,739.2089241202716,-17.294113481791555,0
2018-11-02,3399.313678679281,2192.2522468453362,4582.402953863169,2843.6913846823136,555.6222939969674,-17.294113481791555,0
2018-11-03,1727.6624181259235,549.4511974924563,2871.391214056023,2826.397271200522,-1098.7348530745985,-17.294113481791555,0
2018-11-04,910.6413153409999,-249.83743895982357,2095.187243462112,2809.1031577187305,-1898.4618423777306,-17.294113481791555,0
2018-11-05,3356.7597992216824,2243.6298302675855,4533.080554292733,2791.809044236939,564.9507549847435,-17.294113481791555,0
2018-11-06,3447.5154940032485,2310.807039968198,4616.276409854838,2774.5149307551474,673.0005632481011,-17.294113481791555,0
2018-11-07,3221.634976382198,2173.6276130982624,4412.181399493526,2757.220817273356,464.4141591088423,-17.294113481791555,0
2018-11-08,3479.1356279108036,2214.476838278432,4672.444141701767,2739.9267037915643,739.2089241192394,-17.294113481791555,0
2018-11-09,3278.254884305321,2147.2967291378645,4469.186957248942,2722.6325903097727,555.6222939955483,-17.294113481791555,0
2018-11-10,1606.603623750904,446.36900045804913,2816.162368954877,2705.3384768279802,-1098.7348530770762,-17.294113481792465,0
2018-11-11,789.5825209659231,-354.8479564651645,1942.0871434664346,2688.0443633461887,-1898.4618423802656,-17.294113481791555,0
2018-11-12,3235.7010048466436,2095.022439309982,4449.082056915257,2670.750249864397,564.9507549822466,-17.294113481791555,0
2018-11-13,3326.456699629564,2164.2059012475793,4444.93985660236,2653.4561363826056,673.0005632469583,-17.294113481791555,0
2018-11-14,3100.576182009134,1810.8478089692674,4301.239928966538,2636.162022900814,464.4141591083198,-17.294113481791555,0
2018-11-15,3358.07683353723,2276.5636443046633,4497.6188340960025,2618.8679094190225,739.2089241182075,-17.294113481791555,0
2018-11-16,3157.1960899333235,2006.5875935045917,4298.926733256246,2601.573795937231,555.6222939960927,-17.294113481791555,0
2018-11-17,1485.544829381009,333.32700767441213,2608.4239209020566,2584.2796824554393,-1098.7348530744302,-17.294113481791555,0
2018-11-18,668.5237265948824,-570.9435664739701,1840.9138317997852,2566.985568973648,-1898.4618423787654,-17.294113481791555,0
2018-11-19,3114.6422104755375,1876.0214706124282,4236.854952599896,2549.6914554918562,564.9507549836813,-17.294113481791555,0
2018-11-20,3205.397905258897,1985.10200631504,4425.190292990597,2532.3973420100647,673.0005632488325,-17.294113481791555,0
2018-11-21,2979.5173876377658,1782.4600880363223,4064.231435145642,2515.1032285282727,464.4141591094929,-17.29411348179201,0
2018-11-22,3237.0180391662407,2086.3142438424625,4380.650581025743,2497.8091150464807,739.2089241197599,-17.29411348179201,0
2018-11-23,3036.1372955600764,1847.1462735993937,4182.430574257969,2480.515001564689,555.622293995387,-17.294113481791555,0
2018-11-24,1364.4860350074975,173.23425925478594,2495.6316677502386,2463.2208880828975,-1098.7348530754,-17.294113481791555,0
2018-11-25,547.4649322230875,-646.3608296432631,1673.2592799397482,2445.926774601106,-1898.4618423780184,-17.294113481791555,0
2018-11-26,2993.5834161044304,1767.6500868025996,4167.320225311634,2428.632661119314,564.9507549851162,-17.29411348179201,0
2018-11-27,3084.3391108861792,1788.6792704488466,4218.555693397182,2411.3385476375224,673.0005632486569,-17.294113481791555,0
2018-11-28,2858.458593265077,1722.286585518238,4054.8785984447204,2394.044434155731,464.4141591093464,-17.294113481791555,0
2018-11-29,3115.959244792667,1887.0175719234005,4287.27182226799,2376.7503206739393,739.2089241187277,-17.294113481791555,0
2018-11-30,2915.078501188793,1763.2918775987055,4067.7538663389187,2359.4562071921478,555.6222939966451,-17.294113481791555,0
2018-12-01,1243.427240633986,54.118411446760064,2509.623943638155,2342.162093710356,-1098.7348530763702,-17.294113481791555,0
2018-12-02,426.4061378520464,-676.6140637899672,1702.3432962319284,2324.8679802285646,-1898.4618423765182,-17.294113481791555,0
2018-12-03,2872.524621729391,1669.7512529108508,4080.294182554459,2307.573866746772,564.9507549826191,-17.294113481792465,0
2018-12-04,2963.280316514544,1746.4079771920185,4149.385133996104,2290.2797532649806,673.0005632495636,-17.294113481791555,0
2018-12-05,2737.3997988920128,1607.0079629325555,3953.145214629806,2272.985639783189,464.4141591088238,-17.294113481791555,0
2018-12-06,2994.900450421124,1839.4109961892298,4279.879800189053,2255.6915263013975,739.2089241197265,-17.294113481791555,0
2018-12-07,2794.019706814832,1576.0442291630786,4015.723454814271,2238.397412819606,555.6222939952257,-17.294113481791555,0
2018-12-08,1122.368446262583,-40.67233790232492,2434.1456295414528,2221.1032993378144,-1098.7348530752315,-17.294113481791555,0
2018-12-09,305.34734347772155,-809.7671022669565,1486.1869631595466,2203.809185856022,-1898.4618423783004,-17.294113481792465,0
2018-12-10,2751.465827358284,1586.9735719008552,3948.7984364077843,2186.5150723742304,564.9507549840537,-17.294113481791555,0
2018-12-11,2842.2215221408596,1588.3620585742729,3985.5976829705455,2169.220958892439,673.0005632484209,-17.294113481791555,0
2018-12-12,2616.3410045189485,1391.4085348692088,3782.0335962261156,2151.9268454106473,464.4141591083012,-17.294113481791555,0
2018-12-13,2873.8416560475503,1646.8395399354613,4019.1676115890714,2134.6327319288557,739.2089241186944,-17.294113481791555,0
2018-12-14,2672.960912445511,1476.0054112397413,3833.1635395206577,2117.3386184470633,555.6222939984477,-17.294113481792465,0
2018-12-15,1001.3096518905779,-133.92147041854955,2279.5508932153502,2100.0445049652717,-1098.7348530746938,-17.294113481791555,0
2018-12-16,184.28854910592713,-895.7643744198633,1334.653545920422,2082.75039148348,-1898.461842377553,-17.294113481791555,0
2018-12-17,2630.4070329832452,1479.666923907686,3816.647445275213,2065.4562780016886,564.9507549815568,-17.294113481791555,0
2018-12-18,2721.1627277682,1579.6859448040377,3913.418044398395,2048.162164519897,673.0005632483031,-17.294113481791555,0
2018-12-19,2495.282210147956,1269.0925764663807,3651.216694576885,2030.8680510381055,464.4141591098505,-17.294113481791555,0
2018-12-20,2752.78286167453,1599.991196234088,3891.7937825834683,2013.573937556314,739.208924118216,-17.294113481791555,0
2018-12-21,2551.9021180735144,1474.051190912629,3790.713719470623,1996.2798240745224,555.6222939989921,-17.294113481791555,0
2018-12-22,880.2508575155593,-371.12856883547215,2076.052727388521,1978.9857105927308,-1098.7348530771715,-17.294113481791555,0
2018-12-23,63.22975473413317,-1104.9901121132805,1305.5039670679053,1961.6915971109393,-1898.461842376806,-17.294113481791555,0
2018-12-24,2509.3482386085097,1346.615342093693,3715.2508880963605,1944.3974836291477,564.9507549793619,-17.294113481791555,0
2018-12-25,2600.103933395483,1437.2018163358946,3791.70256576596,1927.103370147356,673.0005632481275,-17.294113481791783,0
2018-12-26,2374.223415773196,1196.6217274785809,3599.3583928552525,1909.8092566655637,464.41415910763214,-17.294113481792238,0
2018-12-27,2631.724067302987,1538.5169344228957,3782.9003003847506,1892.5151431837721,739.2089241192147,-17.294113481791555,0
2018-12-28,2430.8433236975898,1199.2476146366216,3576.4503252730615,1875.2210297019806,555.622293995609,-17.294113481791555,0
2018-12-29,759.1920631420476,-462.66704740535215,1927.3928253536142,1857.926916220189,-1098.7348530781414,-17.294113481791555,0
2018-12-30,-57.82903963943863,-1153.8172045116883,1179.5426689668448,1840.6328027383972,-1898.4618423778359,-17.294113481791783,0
2018-12-31,2388.2894442372512,1273.0049969645597,3581.744317407975,1823.3386892566057,564.9507549806456,-17.294113481791555,0
2019-01-01,2479.045139021799,1296.6189523655776,3653.1426394408513,1806.0445757748141,673.0005632469848,-17.294113481791555,0
2019-01-02,2253.164621401828,1212.029417014975,3492.611354788675,1788.7504622930226,464.4141591088053,-17.294113481791555,0
2019-01-03,2510.665272931998,1304.8530966117855,3643.4916705570395,1771.456348811231,739.208924120767,-17.294113481791555,0
2019-01-04,2309.7845293282703,1152.0514924885144,3511.5831981667275,1754.1622353294395,555.622293998831,-17.294113481791555,0
2019-01-05,638.1332687706449,-550.8956948571085,1799.276152855499,1736.868121847648,-1098.734853077003,-17.294113481791555,0
2019-01-06,-178.88783401198498,-1397.5927375587253,902.120904944867,1719.5740083658563,-1898.4618423778413,-17.294113481791555,0
2019-01-07,2267.230649865994,1167.1220147628133,3483.371414718183,1702.2798948840648,564.9507549819294,-17.294113481791555,0
2019-01-08,2357.986344650165,1120.1919828799907,3608.299305097497,1684.9857814022732,673.0005632478915,-17.294113481791555,0
2019-01-09,2132.105827028764,907.8203279237497,3336.7409975959363,1667.6916679204814,464.4141591082827,-17.294113481791783,0
2019-01-10,2389.6064785569474,1121.1182625172,3644.8056022925434,1650.39755443869,739.2089241182576,-17.294113481791555,0
2019-01-11,2188.7257349543097,836.791678759112,3458.882983716385,1633.1034409568983,555.6222939974115,-17.294113481791555,0
2019-01-12,517.0744743956245,-756.0227315984099,1701.8970333569112,1615.8093274751052,-1098.7348530794807,-17.294113481793147,0
2019-01-13,-299.94662838555723,-1695.4190170143354,934.6606813663678,1598.5152139933136,-1898.4618423788709,-17.294113481791555,0
2019-01-14,2146.171855494735,868.6423589535912,3377.249397930875,1581.221100511522,564.9507549832131,-17.294113481791555,0
2019-01-15,2236.9275502774462,952.8831419926698,3449.8314050394206,1563.9269870297305,673.000563247716,-17.294113481791555,0
2019-01-16,2011.0470326577708,648.9832133184319,3292.9898464657135,1546.632873547939,464.4141591098319,-17.294113481791555,0
2019-01-17,2268.547684185404,920.3682830417738,3649.0541931503517,1529.3387600661474,739.2089241192564,-17.294113481791555,0
2019-01-18,2067.6669405803477,693.2994631774455,3397.9015823856275,1512.0446465843556,555.6222939959921,-17.294113481791783,0
2019-01-19,396.01568002362114,-1011.6167767496347,1664.5013503552275,1494.750533102564,-1098.734853078943,-17.294113481791555,0
2019-01-20,-421.0054227606338,-1943.4744454564334,927.2562017964425,1477.4564196207725,-1898.4618423814063,-17.294113481791555,0
2019-01-21,2025.1130611199992,596.0349472266516,3613.0183498075658,1460.162306138981,564.9507549810181,-17.294113481791555,0
2019-01-22,2115.8687559047876,485.4398623718014,3581.267503842078,1442.8681926571894,673.0005632475982,-17.294113481791555,0
2019-01-23,1889.988238286402,315.2156794245974,3402.618356714345,1425.574079175397,464.41415911100506,-17.294113481792465,0
2019-01-24,2147.4888898118297,466.80331209716417,3799.3800243003857,1408.2799656936054,739.2089241182243,-17.294113481791555,0
2019-01-25,1946.6081462063867,271.0315972520886,3446.3723668203065,1390.9858522118138,555.6222939945728,-17.294113481791555,0
2019-01-26,274.9568856522178,-1299.483871727953,1974.4909148608426,1373.6917387300223,-1098.7348530778045,-17.294113481791555,0
2019-01-27,-542.0642171316754,-2345.9207411182633,1168.2132295258032,1356.3976252482307,-1898.461842379906,-17.294113481791555,0
2019-01-28,1904.0542667487412,86.66369868368142,3698.3183878146947,1339.1035117664392,564.9507549823019,-17.294113481791555,0
2019-01-29,1994.8099615321278,53.28535907550143,3860.9550713472745,1321.8093982846476,673.0005632474802,-17.294113481791555,0
2019-01-30,1768.9294439103232,-228.10916690402266,3553.059738221988,1304.515284802856,464.4141591074671,-17.294113481791555,0
2019-01-31,2026.4300954408413,-35.21999749119657,3972.5454224171385,1287.2211713210645,739.2089241197767,-17.294113481791555,0
2019-02-01,1825.5493518370677,-192.71894976802383,3886.851953156838,1269.927057839273,555.6222939977946,-17.294113481791555,0
2019-02-02,153.89809127870694,-2075.1191096226726,2139.7040481971812,1252.6329443574814,-1098.7348530787744,-17.294113481791555,0
2019-02-03,-663.1230115034689,-2908.868966278835,1695.2893415732115,1235.3388308756896,-1898.4618423791585,-17.294113481791783,0
2019-02-04,1782.9954723776332,-595.7237541846033,3817.2483575219403,1218.0447173938965,564.9507549837367,-17.294113481793147,0
2019-02-05,1873.751167159467,-515.2500981184266,4070.027616289819,1200.750603912105,673.0005632473623,-17.294113481791555,0
2019-02-06,1647.870649537634,-937.2002168625407,4016.6000937584363,1183.4564904303134,464.41415910732076,-17.294113481791555,0
2019-02-07,1905.3713010672664,-760.6929936768387,4440.334221489479,1166.1623769485218,739.2089241187447,-17.294113481791555,0
2019-02-08,1704.4905574631057,-1101.9374485829958,4259.910573586816,1148.8682634667302,555.6222939963753,-17.294113481791555,0
2019-02-09,32.83929690519426,-2913.963965502121,2680.4110909237193,1131.5741499849387,-1098.7348530797444,-17.294113481791555,0
2019-02-10,-784.1818058752644,-3864.173096617298,2005.2520643811656,1114.2800365031471,-1898.4618423784116,-17.294113481791555,0
2019-02-11,1661.9366780025948,-1288.7105256670022,4635.109996379807,1096.9859230213553,564.9507549812396,-17.294113481791783,0
2019-02-12,1752.6923727867504,-1453.7956249170873,4675.288006305242,1079.6918095395638,673.0005632471866,-17.294113481791555,0
2019-02-13,1526.811855166266,-1552.0851615646377,4482.252037308184,1062.3976960577722,464.4141591084938,-17.294113481791555,0
2019-02-14,1784.312506695724,-1542.6813510849174,4875.80256427364,1045.1035825759807,739.2089241197434,-17.294113481791555,0
2019-02-15,1583.4317630911087,-1964.2977987044555,4878.890696416287,1027.8094690941891,555.6222939969197,-17.294113481791555,0
2019-02-16,-88.21949746108453,-3559.0084405534967,3171.5178991171415,1010.5153556123976,-1098.734853073482,-17.294113481791555,0
2019-02-17,-905.2406002495877,-4587.911011626754,2464.692009436837,993.221242130606,-1898.4618423801937,-17.294113481791555,0
2019-02-18,1540.8778836314889,-2237.3454272031768,4990.70376462982,975.9271286488145,564.9507549826744,-17.294113481791555,0
2019-02-19,1631.6335784140915,-2215.891836864418,5314.296793312655,958.6330151670229,673.0005632470687,-17.294113481791555,0
2019-02-20,1405.753060794898,-2536.7926315823597,5122.976497240678,941.3389016852312,464.4141591096668,-17.29411348179167,0
2019-02-21,1663.2537123241818,-2443.6754114785213,5630.923855443012,924.0447882034397,739.2089241207422,-17.294113481791555,0
2019-02-22,1462.3729687178625,-2796.191697721477,5316.820041721013,906.7506747216481,555.6222939962142,-17.294113481791555,0
2019-02-23,-209.27829183459573,-4535.790296646658,3710.582141642501,889.4565612398566,-1098.7348530744523,-17.294113481791555,0
2019-02-24,-1026.2993946206284,-5629.853215980876,2948.6424731925767,872.162447758065,-1898.4618423786935,-17.294113481791555,0
2019-02-25,1419.8190892602315,-2897.988146041871,5941.380790928086,854.8683342762733,564.9507549839582,-17.29411348179167,0
2019-02-26,1510.574784040406,-3246.689649132247,5816.2365675782885,837.5742207944802,673.0005632459258,-17.294113481793147,0
2019-02-27,1284.694266422209,-3508.189796685424,5738.802179939979,820.2801073126886,464.41415910952037,-17.294113481791555,0
2019-02-28,1542.1949179511607,-3303.3087276288747,6086.872192557458,802.985993830897,739.2089241202636,-17.29411348179167,0
2019-03-01,1341.314174345864,-3751.9280231990783,6063.326261493551,785.6918803491054,555.6222939967586,-17.294113481791555,0
2019-03-02,-330.3370862081082,-5543.773071861495,4225.287602942234,768.3977668673139,-1098.734853075422,-17.294113481791555,0
2019-03-03,-1147.3581889916723,-6394.090664460528,3841.0848838443103,751.1036533855215,-1898.4618423771938,-17.29411348179235,0
2019-03-04,1298.760294888972,-4399.337095708247,6163.653575778052,733.80953990373,564.9507549852422,-17.294113481791555,0
2019-03-05,1389.5159896717303,-4262.926598393352,6547.066279212225,716.5154264219383,673.000563249792,-17.29411348179167,0
2019-03-06,1163.6354720491445,-4511.244244403731,6208.2320864647845,699.2213129401467,464.41415910899775,-17.294113481791555,0
2019-03-07,1421.1361235775867,-4668.007557527401,6859.157279478186,681.9271994583552,739.2089241192316,-17.294113481791555,0
2019-03-08,1220.2553799719028,-4528.313655973415,6845.62112161383,664.6330859765636,555.6222939953392,-17.294113481791555,0
2019-03-09,-451.3958805831277,-6555.158753600343,5138.198233002599,647.3389724947721,-1098.7348530778997,-17.294113481791555,0
2019-03-10,-1268.4169833659953,-7181.472086682895,4516.74753891147,630.0448590129804,-1898.4618423789757,-17.29411348179167,0
2019-03-11,1177.7015005140847,-5152.452018926662,7413.798964678991,612.7507455311888,564.9507549828959,-17.294113481791555,1
2019-03-12,1268.4571952980464,-5117.008296350932,7328.835194196093,595.4566320493973,673.0005632486492,-17.294113481791555,1
2019-03-13,1042.5766776760809,-5704.8873927932445,7233.798625941992,578.1625185676057,464.4141591084752,-17.294113481791555,1
2019-03-14,1300.0773292040137,-5721.473635771383,7595.40083461037,560.8684050858142,739.2089241181995,-17.294113481791555,1
2019-03-15,1099.1965856032975,-5928.257362812006,7589.126032723471,543.5742916040226,555.6222939992749,-17.294113481791555,1
2019-03-16,-572.4546749515151,-7491.401855248691,6005.7801249052245,526.280178122231,-1098.734853073746,-17.29411348179167,0
2019-03-17,-1389.475777737789,-7987.0031413623965,5418.03011659341,508.9860646404394,-1898.4618423782285,-17.294113481791555,0
2019-03-18,1056.6427061429786,-6407.746593778132,7883.8395468246335,491.69195115864784,564.9507549843308,-17.294113481791555,1
2019-03-19,1147.3984009253875,-6031.71463977912,8337.952789646002,474.3978376768563,673.0005632485312,-17.294113481791555,1
2019-03-20,921.5178833047131,-6793.728166375471,8033.9307961918885,457.1037241950647,464.41415910964844,-17.294113481791612,1
2019-03-21,1179.0185348309926,-6534.027052117116,8648.75548001662,439.80961071327147,739.2089241177212,-17.294113481793204,1
2019-03-22,978.1377912293353,-6580.85535807434,8386.861304887929,422.5154972314799,555.6222939978554,-17.294113481791555,1
2019-03-23,-693.5134693265354,-8589.224347280222,6668.446853721453,405.2213837496883,-1098.7348530762238,-17.294113481791612,0
2019-03-24,-1510.5345721095844,-9481.988704442914,6318.645002758463,387.92727026789674,-1898.4618423774812,-17.294113481791555,0
2019-03-25,935.5839117718708,-7372.840250502178,8810.845630130452,370.6331567861052,564.9507549857656,-17.294113481791555,1
2019-03-26,1026.3396065526692,-7644.447376944382,9138.701984778898,353.3390433043136,673.0005632483557,-17.294113481791612,1
2019-03-27,800.4590889303281,-8051.423899825229,9180.311160500492,336.044929822522,464.41415910780614,-17.294113481791555,1
2019-03-28,1057.9597404594501,-7466.542401770643,9427.924567394633,318.75081634073047,739.2089241187198,-17.294113481791555,1
2019-03-29,857.078996855375,-8198.716849046898,9496.253579409798,301.45670285893885,555.622293996436,-17.294113481791612,1
2019-03-30,-814.5722637000465,-9812.85259018278,7911.689364405733,284.1625893771473,-1098.7348530771937,-17.294113481791555,1
2019-03-31,-1631.5933664806253,-10787.15088928088,7074.074318298432,266.8684758953557,-1898.461842375981,-17.294113481791612,1
